name,console,genre,region,publisher,views,download,released,rate,site,link
The Legend of Zelda: Link’s Awakening,Game Boy (GB),"action,adventure",,Nintendo,"2,758","3,585","June 6, 1993",3.8/5 (4 votes),ROMSFUN.com,https://romsfun.com/roms/game-boy/the-legend-of-zelda-links-awakening.html
Super Mario Land,Game Boy (GB),platformer,WW,Nintendo,"3,228","2,751","April 21, 1989",4.6/5 (2 votes),ROMSFUN.com,https://romsfun.com/roms/game-boy/super-mario-land.html
Super Mario Land 2: 6 Golden Coins,Game Boy (GB),platformer,WW,Nintendo,"2,363","2,617","October 21, 1992",5/5 (2 votes),ROMSFUN.com,https://romsfun.com/roms/game-boy/super-mario-land-2-6-golden-coins.html
Kirby’s Dream Land,Game Boy (GB),"action,platformer",US,Nintendo,"4,393","2,342","April 27, 1992",3.5/5 (2 votes),ROMSFUN.com,https://romsfun.com/roms/game-boy/kirbys-dream-land.html
Pokemon Red Version,Game Boy (GB),role-playing,EU,Nintendo,"4,055","2,052","September 28, 1998",3.5/5 (8 votes),ROMSFUN.com,https://romsfun.com/roms/game-boy/pokemon-red-version.html
Tetris,Game Boy (GB),puzzle,WW,Nintendo,"2,128","1,890","June 14, 1989",3.6/5 (2 votes),ROMSFUN.com,https://romsfun.com/roms/game-boy/tetris-3.html
Donkey Kong,Game Boy (GB),"platformer,puzzle",WW,Nintendo,"2,361","1,823","June 14, 1994",5/5 (1 vote),ROMSFUN.com,https://romsfun.com/roms/game-boy/donkey-kong.html
Wario Land: Super Mario Land 3,Game Boy (GB),platformer,WW,Nintendo,"3,438","1,699","January 21, 1994",4.1/5 (3 votes),ROMSFUN.com,https://romsfun.com/roms/game-boy/wario-land-super-mario-land-3.html
Kirby’s Dream Land 2,Game Boy (GB),platformer,EU,Nintendo,"2,802","1,468"," March 21, 1995",3.1/5 (4 votes),ROMSFUN.com,https://romsfun.com/roms/game-boy/kirbys-dream-land-2.html
Pokemon Blue Version,Game Boy (GB),role-playing,EU,Nintendo,"2,756","1,462","September 28, 1998",3/5 (5 votes),ROMSFUN.com,https://romsfun.com/roms/game-boy/pokemon-blue-version.html
Street Fighter II,Game Boy (GB),other,EU,Nintendo,"1,587","1,401",None,4/5 (1 vote),ROMSFUN.com,https://romsfun.com/roms/game-boy/street-fighter-ii.html
Metroid II: Return of Samus,Game Boy (GB),"action,adventure",WW,Nintendo,"2,423","1,259",November 1991,4/5 (2 votes),ROMSFUN.com,https://romsfun.com/roms/game-boy/metroid-ii-return-of-samus.html
Dr. Mario,Game Boy (GB),puzzle,WW,Nintendo,"1,394","1,239",27 July 1990,5/5 (1 vote),ROMSFUN.com,https://romsfun.com/roms/game-boy/dr-mario.html
Donkey Kong Land III,Game Boy (GB),platformer,EU,Nintendo,"1,303","1,231","October 27, 1997",5/5 (1 vote),ROMSFUN.com,https://romsfun.com/roms/game-boy/donkey-kong-land-iii.html
DuckTales,Game Boy (GB),platformer,EU,Capcom,"1,441","1,007",None,2/5 (1 vote),ROMSFUN.com,https://romsfun.com/roms/game-boy/ducktales.html
Castlevania: The Adventure,Game Boy (GB),platformer,EU,Konami,"1,274",974,None,5/5 (1 vote),ROMSFUN.com,https://romsfun.com/roms/game-boy/castlevania-the-adventure.html
Mega Man II,Game Boy (GB),"action,platformer",EU,Capcom,"1,151",929,None,5/5 (1 vote),ROMSFUN.com,https://romsfun.com/roms/game-boy/mega-man-ii.html
Mortal Kombat,Game Boy (GB),"action,fighting",EU,Acclaim,"1,625",857,"September 13, 1993",5/5 (1 vote),ROMSFUN.com,https://romsfun.com/roms/game-boy/mortal-kombat-5.html
James Bond 007,Game Boy (GB),"action,adventure",EU,Nintendo,788,763,"January 29, 1998",5/5 (1 vote),ROMSFUN.com,https://romsfun.com/roms/game-boy/james-bond-007.html
Plaguemon: Lost Diaries (Pokemon Red Hack),Game Boy (GB),role-playing,WW,Hikikomori,"1,800",759,Unknown,4.3/5 (2 votes),ROMSFUN.com,https://romsfun.com/roms/game-boy/plaguemon-lost-diaries-pokemon-red-hack.html
Donkey Kong Land,Game Boy (GB),"action,platformer",WW,Nintendo,"1,097",747,None,5/5 (1 vote),ROMSFUN.com,https://romsfun.com/roms/game-boy/donkey-kong-land.html
Mega Man V,Game Boy (GB),"action,platformer",WW,Capcom,996,730,"July 22, 1994",5/5 (1 vote),ROMSFUN.com,https://romsfun.com/roms/game-boy/mega-man-v.html
Mega Man III,Game Boy (GB),"action,platformer",EU,Capcom,"1,200",716,None,5/5 (1 vote),ROMSFUN.com,https://romsfun.com/roms/game-boy/mega-man-iii.html
Yoshi’s Cookie,Game Boy (GB),puzzle,EU,Nintendo,891,701,"November 21, 1992",5/5 (1 vote),ROMSFUN.com,https://romsfun.com/roms/game-boy/yoshis-cookie.html
Mortal Kombat 3,Game Boy (GB),fighting,WW,Midway,913,685,"April 15, 1995",5/5 (1 vote),ROMSFUN.com,https://romsfun.com/roms/game-boy/mortal-kombat-3-2.html
Mega Man: Dr. Wily’s Revenge,Game Boy (GB),puzzle,EU,Capcom,"1,008",678,None,5/5 (1 vote),ROMSFUN.com,https://romsfun.com/roms/game-boy/mega-man-dr-wilys-revenge.html
Aladdin,Game Boy (GB),"action,platformer",EU,SEGA,982,675,None,5/5 (1 vote),ROMSFUN.com,https://romsfun.com/roms/game-boy/aladdin-2.html
Mega Man IV,Game Boy (GB),action,EU,Capcom,905,654,"October 29, 1993",4.5/5 (2 votes),ROMSFUN.com,https://romsfun.com/roms/game-boy/mega-man-iv.html
King of Fighters ’95,Game Boy (GB),"action,fighting",EU,Nintendo,859,646,February 1997,5/5 (1 vote),ROMSFUN.com,https://romsfun.com/roms/game-boy/king-of-fighters-95.html
Wario Land – Super Mario Land 3,Game Boy (GB),platformer,WW,Nintendo,"1,559",644,"March 21, 2000",5/5 (2 votes),ROMSFUN.com,https://romsfun.com/roms/game-boy/wario-land-super-mario-land-3-2.html
Donkey Kong Land 2,Game Boy (GB),action,EU,Nintendo,"1,211",630,None,5/5 (1 vote),ROMSFUN.com,https://romsfun.com/roms/game-boy/donkey-kong-land-2.html
Kirby’s Pinball Land,Game Boy (GB),arcade,EU,Nintendo,"1,216",623,None,2/5 (1 vote),ROMSFUN.com,https://romsfun.com/roms/game-boy/kirbys-pinball-land.html
Yoshi,Game Boy (GB),other,WW,Nintendo,"1,055",607,None,5/5 (1 vote),ROMSFUN.com,https://romsfun.com/roms/game-boy/yoshi.html
Tetris 2,Game Boy (GB),other,EU,Nintendo,"1,036",596,None,5/5 (1 vote),ROMSFUN.com,https://romsfun.com/roms/game-boy/tetris-2.html
Castlevania Legends,Game Boy (GB),"action,adventure",EU,Konami,"1,116",584,None,5/5 (1 vote),ROMSFUN.com,https://romsfun.com/roms/game-boy/castlevania-legends.html
Teenage Mutant Ninja Turtles: Fall of the Foot Clan,Game Boy (GB),action,US,Konami,"1,122",579,August 1990,5/5 (1 vote),ROMSFUN.com,https://romsfun.com/roms/game-boy/teenage-mutant-ninja-turtles-fall-of-the-foot-clan.html
Wario Blast: Featuring Bomberman!,Game Boy (GB),action,EU,Nintendo,"1,207",571,November 1994,4/5 (1 vote),ROMSFUN.com,https://romsfun.com/roms/game-boy/wario-blast-featuring-bomberman.html
Final Fantasy Adventure,Game Boy (GB),"action,role-playing",US,SunSoft,"1,024",561," June 28, 1991",5/5 (1 vote),ROMSFUN.com,https://romsfun.com/roms/game-boy/final-fantasy-adventure.html
RoboCop 2,Game Boy (GB),"action,platformer",EU,Ocean,833,559,November 1991,5/5 (1 vote),ROMSFUN.com,https://romsfun.com/roms/game-boy/robocop-2-2.html
Pokemon Neo Adventure Revisited,Game Boy (GB),adventure,WW,Nintendo,"1,639",556,Unknown,3.7/5 (14 votes),ROMSFUN.com,https://romsfun.com/roms/game-boy/pokemon-neo-adventure-revisited.html
Mortal Kombat II,Game Boy (GB),fighting,WW,Midway,985,546,June 1993,5/5 (1 vote),ROMSFUN.com,https://romsfun.com/roms/game-boy/mortal-kombat-ii-3.html
Pokemon Periwinkle Version (Pokemon Yellow Hack),Game Boy (GB),role-playing,WW,Clover Dev Team,"1,526",541,Unknown,3.7/5 (1 vote),ROMSFUN.com,https://romsfun.com/roms/game-boy/pokemon-periwinkle-version-pokemon-yellow-hack.html
Final Fantasy Legend II,Game Boy (GB),role-playing,US,Square,"1,193",533,"December 14, 1990",0/5 (1 vote),ROMSFUN.com,https://romsfun.com/roms/game-boy/final-fantasy-legend-ii.html
Prince of Persia,Game Boy (GB),"action,platformer",EU,Virgin Interactive,737,530,January 1992,5/5 (1 vote),ROMSFUN.com,https://romsfun.com/roms/game-boy/prince-of-persia-2.html
Castlevania II: Belmont’s Revenge,Game Boy (GB),platformer,EU,Konami,"1,072",517,"July 12, 1991",5/5 (1 vote),ROMSFUN.com,https://romsfun.com/roms/game-boy/castlevania-ii-belmonts-revenge.html
Darkwing Duck,Game Boy (GB),other,DE,Capcom,968,511,None,5/5 (1 vote),ROMSFUN.com,https://romsfun.com/roms/game-boy/darkwing-duck.html
Bomberman GB,Game Boy (GB),action,EU,Hudson Soft,"1,013",502,"August 10, 1994",5/5 (1 vote),ROMSFUN.com,https://romsfun.com/roms/game-boy/bomberman-gb.html
WWF: Superstars,Game Boy (GB),other,EU,Acclaim Entertainment,594,476,April 1991,4/5 (1 vote),ROMSFUN.com,https://romsfun.com/roms/game-boy/wwf-superstars.html
Batman: The Video Game,Game Boy (GB),platformer,WW,SunSoft,907,462,"April 13, 1990",5/5 (1 vote),ROMSFUN.com,https://romsfun.com/roms/game-boy/batman-the-video-game.html
Tamagotchi,Game Boy (GB),simulator,EU,Bandai,943,446,October 1997,5/5 (1 vote),ROMSFUN.com,https://romsfun.com/roms/game-boy/tamagotchi.html
Contra: The Alien Wars,Game Boy (GB),adventure,US,Konami,848,446,None,5/5 (1 vote),ROMSFUN.com,https://romsfun.com/roms/game-boy/contra-the-alien-wars.html
King of Fighters ’96,Game Boy (GB),"action,fighting",WW,SNK,912,420,"July 30, 1996",5/5 (1 vote),ROMSFUN.com,https://romsfun.com/roms/game-boy/king-of-fighters-96.html
Pokemon Scramble (Pokemon Red Hack),Game Boy (GB),role-playing,WW,PokemonScramble,"1,193",419,Unknown,4/5 (1 vote),ROMSFUN.com,https://romsfun.com/roms/game-boy/pokemon-scramble-pokemon-red-hack.html
Double Dragon,Game Boy (GB),other,EU,Arc System Works,871,413,None,5/5 (1 vote),ROMSFUN.com,https://romsfun.com/roms/game-boy/double-dragon.html
Kirby’s Block Ball,Game Boy (GB),action,EU,Nintendo,"1,083",409," December 14, 1995",4/5 (1 vote),ROMSFUN.com,https://romsfun.com/roms/game-boy/kirbys-block-ball.html
Gargoyle’s Quest,Game Boy (GB),"action,adventure",EU,Capcom,720,407,"May 2, 1990",5/5 (1 vote),ROMSFUN.com,https://romsfun.com/roms/game-boy/gargoyles-quest.html
Robocop,Game Boy (GB),beat-em-up,WW,Data East Corporation,829,406,1988,1/5 (1 vote),ROMSFUN.com,https://romsfun.com/roms/game-boy/robocop-2.html
 Mario Picross,Game Boy (GB),puzzle,EU,Nintendo,790,405,"March 14, 1995",5/5 (1 vote),ROMSFUN.com,https://romsfun.com/roms/game-boy/mario-picross.html
Adventure Island,Game Boy (GB),platformer,EU,Hudson Soft,899,403,"September 12, 1986",5/5 (1 vote),ROMSFUN.com,https://romsfun.com/roms/game-boy/adventure-island.html
Final Fantasy Legend,Game Boy (GB),role-playing,WW,SunSoft,871,403,"December 15, 1989",4/5 (1 vote),ROMSFUN.com,https://romsfun.com/roms/game-boy/final-fantasy-legend.html
 Jurassic Park,Game Boy (GB),"action,adventure",EU,Ocean Software,732,402,1993,4/5 (1 vote),ROMSFUN.com,https://romsfun.com/roms/game-boy/jurassic-park.html
Teenage Mutant Ninja Turtles III: Radical Rescue,Game Boy (GB),platformer,US,Konami,859,400,"November 25, 1993",5/5 (1 vote),ROMSFUN.com,https://romsfun.com/roms/game-boy/teenage-mutant-ninja-turtles-iii-radical-rescue.html
Battletoads,Game Boy (GB),fighting,EU,Tradewest,763,394,None,5/5 (1 vote),ROMSFUN.com,https://romsfun.com/roms/game-boy/battletoads.html
Tetris Attack,Game Boy (GB),puzzle,EU,Nintendo,739,360,August 1996,4/5 (2 votes),ROMSFUN.com,https://romsfun.com/roms/game-boy/tetris-attack.html
Adventure Island II: Aliens in Paradise,Game Boy (GB),"action,platformer",EU,Hudson,835,356, February 1993,5/5 (1 vote),ROMSFUN.com,https://romsfun.com/roms/game-boy/adventure-island-ii-aliens-in-paradise.html
Batman Forever,Game Boy (GB),other,WW,Acclaim,650,344,None,5/5 (1 vote),ROMSFUN.com,https://romsfun.com/roms/game-boy/batman-forever.html
R-Type,Game Boy (GB),other,EU,Irem,671,340,None,5/5 (1 vote),ROMSFUN.com,https://romsfun.com/roms/game-boy/r-type.html
Double Dragon II,Game Boy (GB),beat-em-up,EU,Acclaim,753,338,December 1991,5/5 (1 vote),ROMSFUN.com,https://romsfun.com/roms/game-boy/double-dragon-ii.html
Motocross Maniacs,Game Boy (GB),racing,WW,Konami,989,333,"September 20, 1989",5/5 (1 vote),ROMSFUN.com,https://romsfun.com/roms/game-boy/motocross-maniacs.html
The Addams Family,Game Boy (GB),platformer,EU,Ocean Software,650,325,January 1992,5/5 (1 vote),ROMSFUN.com,https://romsfun.com/roms/game-boy/the-addams-family.html
Animaniacs,Game Boy (GB),other,EU,Konami,730,323,None,3/5 (2 votes),ROMSFUN.com,https://romsfun.com/roms/game-boy/animaniacs.html
Battle Arena Toshinden,Game Boy (GB),fighting,EU,SCEA,764,319,November 1996,5/5 (1 vote),ROMSFUN.com,https://romsfun.com/roms/game-boy/battle-arena-toshinden.html
Kid Icarus: Of Myths and Monsters,Game Boy (GB),other,EU,Nintendo,688,313,None,4/5 (2 votes),ROMSFUN.com,https://romsfun.com/roms/game-boy/kid-icarus-of-myths-and-monsters.html
Lost World: Jurassic Park,Game Boy (GB),other,EU,SEGA,835,313,December 1997,5/5 (1 vote),ROMSFUN.com,https://romsfun.com/roms/game-boy/lost-world-jurassic-park.html
Ghostbusters II,Game Boy (GB),action,EU,Activision,727,298,December 1990,5/5 (1 vote),ROMSFUN.com,https://romsfun.com/roms/game-boy/ghostbusters-ii.html
Alien 3,Game Boy (GB),platformer,EU,Acclaim Entertainment,605,286,October 1992,5/5 (1 vote),ROMSFUN.com,https://romsfun.com/roms/game-boy/alien-3-2.html
Godzilla,Game Boy (GB),action,EU,Toho,706,285,October 1990,5/5 (1 vote),ROMSFUN.com,https://romsfun.com/roms/game-boy/godzilla.html
Killer Instinct,Game Boy (GB),action,WW,Nintendo,710,283,November 1995,5/5 (1 vote),ROMSFUN.com,https://romsfun.com/roms/game-boy/killer-instinct-2.html
Golf,Game Boy (GB),sport,WW,Nintendo,695,266,None,4.5/5 (2 votes),ROMSFUN.com,https://romsfun.com/roms/game-boy/golf.html
Bionic Commando,Game Boy (GB),platformer,EU,Capcom,619,262,September 1992,5/5 (1 vote),ROMSFUN.com,https://romsfun.com/roms/game-boy/bionic-commando.html
Operation C,Game Boy (GB),action,US,Konami,684,256,"January 8, 1991",5/5 (1 vote),ROMSFUN.com,https://romsfun.com/roms/game-boy/operation-c.html
Tennis,Game Boy (GB),sport,WW	,Nintendo,608,255,None,5/5 (1 vote),ROMSFUN.com,https://romsfun.com/roms/game-boy/tennis.html
Casper,Game Boy (GB),"action,adventure",EU,Interplay Entertainment,604,253,1996,5/5 (1 vote),ROMSFUN.com,https://romsfun.com/roms/game-boy/casper-2.html
FIFA Soccer ’97,Game Boy (GB),sport,EU,EA Sports,519,251,1996,3/5 (1 vote),ROMSFUN.com,https://romsfun.com/roms/game-boy/fifa-soccer-97.html
Kid Dracula,Game Boy (GB),platformer,EU,Konami,729,249,"January 3, 1993",5/5 (1 vote),ROMSFUN.com,https://romsfun.com/roms/game-boy/kid-dracula.html
Oddworld Adventures,Game Boy (GB),puzzle,EU,GT Interactive,740,246,1998,1/5 (1 vote),ROMSFUN.com,https://romsfun.com/roms/game-boy/oddworld-adventures.html
The Chessmaster,Game Boy (GB),strategy,EU,Hi-Tech Expressions Inc.,585,242,None,5/5 (1 vote),ROMSFUN.com,https://romsfun.com/roms/game-boy/the-chessmaster.html
Trip World,Game Boy (GB),platformer,EU,SunSoft,669,240,"November 27, 1992",5/5 (1 vote),ROMSFUN.com,https://romsfun.com/roms/game-boy/trip-world.html
Beetlejuice,Game Boy (GB),"action,adventure",US,Hi-Tech,627,239,1990,5/5 (1 vote),ROMSFUN.com,https://romsfun.com/roms/game-boy/beetlejuice.html
FIFA Soccer ’96,Game Boy (GB),"other,sport",EU,EA Sports,679,231,December 1995,5/5 (1 vote),ROMSFUN.com,https://romsfun.com/roms/game-boy/fifa-soccer-96.html
Alien vs Predator: The Last of His Clan,Game Boy (GB),action,US,Activision,655,229,1993,5/5 (1 vote),ROMSFUN.com,https://romsfun.com/roms/game-boy/alien-vs-predator-the-last-of-his-clan.html
Battleship,Game Boy (GB),other,EU,Mindscape,566,228,1993,5/5 (1 vote),ROMSFUN.com,https://romsfun.com/roms/game-boy/battleship-2.html
Altered Space: A 3D Alien Adventure,Game Boy (GB),puzzle,EU,Sony Imagesoft,652,227, September 1991,5/5 (1 vote),ROMSFUN.com,https://romsfun.com/roms/game-boy/altered-space-a-3-d-alien-adventure.html
Tetris Blast,Game Boy (GB),other,EU,Nintendo,601,227,17 March 1995,5/5 (1 vote),ROMSFUN.com,https://romsfun.com/roms/game-boy/tetris-blast.html
Mystical Ninja Starring Goemon,Game Boy (GB),action,EU,Konami,587,225,None,5/5 (1 vote),ROMSFUN.com,https://romsfun.com/roms/game-boy/mystical-ninja-starring-goemon-2.html
Jurassic Park Part 2 – The Chaos Continues,Game Boy (GB),action,WW,Ocean,542,220,1994,5/5 (1 vote),ROMSFUN.com,https://romsfun.com/roms/game-boy/jurassic-park-part-2-the-chaos-continues-2.html
Nemesis,Game Boy (GB),other,EU,Konami,612,218,"February 23, 1990",5/5 (1 vote),ROMSFUN.com,https://romsfun.com/roms/game-boy/nemesis.html
Alleyway,Game Boy (GB),action,WW,Nintendo,606,214,None,1/5 (1 vote),ROMSFUN.com,https://romsfun.com/roms/game-boy/alleyway.html
Robocop Versus the Terminator,Game Boy (GB),action,WW,Virgin Interactive Entertainment,508,204,August 1994,5/5 (1 vote),ROMSFUN.com,https://romsfun.com/roms/game-boy/robocop-versus-the-terminator.html
Asteroids,Game Boy (GB),other,EU,Taito,527,203, November 1979,5/5 (1 vote),ROMSFUN.com,https://romsfun.com/roms/game-boy/asteroids-2.html
QIX,Game Boy (GB),arcade,EU,Nintendo,695,200,None,5/5 (1 vote),ROMSFUN.com,https://romsfun.com/roms/game-boy/qix.html
Pinball: Revenge of the ‘Gator,Game Boy (GB),arcade,EU,Nintendo,583,188,None,5/5 (1 vote),ROMSFUN.com,https://romsfun.com/roms/game-boy/pinball-revenge-of-the-gator.html
Micro Machines,Game Boy (GB),racing,EU,Ocean Software,569,187,1991,5/5 (1 vote),ROMSFUN.com,https://romsfun.com/roms/game-boy/micro-machines.html
Aero Star,Game Boy (GB),role-playing,EU,Vic Tokai,565,184,"September, 1991",5/5 (1 vote),ROMSFUN.com,https://romsfun.com/roms/game-boy/aero-star.html
Judge Dredd,Game Boy (GB),action,WW,Acclaim Entertainment,649,182,"June 16, 1995",5/5 (1 vote),ROMSFUN.com,https://romsfun.com/roms/game-boy/judge-dredd.html
Blaster Master Boy,Game Boy (GB),action,US,SunSoft,507,177,1991,5/5 (1 vote),ROMSFUN.com,https://romsfun.com/roms/game-boy/blaster-master-boy.html
The Punisher: The Ultimate Payback,Game Boy (GB),other,WW,Acclaim Entertainment,713,177,1991,1/5 (1 vote),ROMSFUN.com,https://romsfun.com/roms/game-boy/the-punisher-the-ultimate-payback.html
Mole Mania,Game Boy (GB),puzzle,EU,Nintendo,603,175,None,5/5 (1 vote),ROMSFUN.com,https://romsfun.com/roms/game-boy/mole-mania.html
NBA Jam,Game Boy (GB),sport,EU,Acclaim,526,173,November 1994,5/5 (1 vote),ROMSFUN.com,https://romsfun.com/roms/game-boy/nba-jam-3.html
Darkman,Game Boy (GB),action,EU,Ocean Software,512,171,1991,5/5 (1 vote),ROMSFUN.com,https://romsfun.com/roms/game-boy/darkman.html
Picross 2,Game Boy (GB),puzzle,JP,Nintendo,572,169,"October 19, 1996",5/5 (1 vote),ROMSFUN.com,https://romsfun.com/roms/game-boy/picross-2.html
Cool World,Game Boy (GB),action,EU,Ocean,553,168,June 1993,5/5 (1 vote),ROMSFUN.com,https://romsfun.com/roms/game-boy/cool-world.html
Quarth,Game Boy (GB),puzzle,EU,Konami,578,167,None,5/5 (1 vote),ROMSFUN.com,https://romsfun.com/roms/game-boy/quarth.html
Dick Tracy,Game Boy (GB),"action,adventure",US,Bandai,544,166, December 1991,5/5 (1 vote),ROMSFUN.com,https://romsfun.com/roms/game-boy/dick-tracy.html
Bubsy II,Game Boy (GB),other,EU,Accolade,478,165,None,5/5 (1 vote),ROMSFUN.com,https://romsfun.com/roms/game-boy/bubsy-ii.html
Adventures of Lolo,Game Boy (GB),puzzle,JP,Imagineer,513,163,1995,5/5 (1 vote),ROMSFUN.com,https://romsfun.com/roms/game-boy/adventures-of-lolo.html
Avenging Spirit,Game Boy (GB),action,EU,Hamster,491,155,None,5/5 (1 vote),ROMSFUN.com,https://romsfun.com/roms/game-boy/avenging-spirit.html
Centipede,Game Boy (GB),other,US,Nintendo,466,155,Unknown,5/5 (1 vote),ROMSFUN.com,https://romsfun.com/roms/game-boy/centipede-2.html
Tumble Pop,Game Boy (GB),arcade,EU,G-mode,563,152,None,5/5 (1 vote),ROMSFUN.com,https://romsfun.com/roms/game-boy/tumble-pop.html
 Jungle Strike,Game Boy (GB),other,EU,Electronic Arts,550,146,1993 ,5/5 (1 vote),ROMSFUN.com,https://romsfun.com/roms/game-boy/jungle-strike.html
Boxxle II,Game Boy (GB),other,WW,FCI,471,146,None,5/5 (1 vote),ROMSFUN.com,https://romsfun.com/roms/game-boy/boxxle-ii.html
Baseball,Game Boy (GB),sport,EU,Nintendo,508,141,None,5/5 (1 vote),ROMSFUN.com,https://romsfun.com/roms/game-boy/baseball.html
BurgerTime Deluxe,Game Boy (GB),other,EU,G-mode,553,137,None,5/5 (1 vote),ROMSFUN.com,https://romsfun.com/roms/game-boy/burgertime-deluxe.html
Bill &amp; Ted’s Excellent Game Boy Adventure,Game Boy (GB),platformer,EU,LJN Toys,454,137,None,1.5/5 (2 votes),ROMSFUN.com,https://romsfun.com/roms/game-boy/bill-teds-excellent-game-boy-adventure.html
The Hunt for Red October,Game Boy (GB),other,EU,Hi Tech Expressions,489,137,May 1991,5/5 (1 vote),ROMSFUN.com,https://romsfun.com/roms/game-boy/the-hunt-for-red-october.html
Fire Fighter,Game Boy (GB),action,EU,Mindscape,591,135,Unknown,5/5 (1 vote),ROMSFUN.com,https://romsfun.com/roms/game-boy/fire-fighter.html
Zoop,Game Boy (GB),puzzle,WW,Viacom New Media,494,135,1995,5/5 (1 vote),ROMSFUN.com,https://romsfun.com/roms/game-boy/zoop.html
The Humans,Game Boy (GB),other,EU,GameTek,557,133,None,5/5 (1 vote),ROMSFUN.com,https://romsfun.com/roms/game-boy/the-humans.html
Radar Mission,Game Boy (GB),action,WW,Nintendo,554,133,"October 23, 1990",5/5 (1 vote),ROMSFUN.com,https://romsfun.com/roms/game-boy/radar-mission.html
 Castle Quest,Game Boy (GB),other,WW,Hudson Soft,631,131,1993 (UK/EU),5/5 (1 vote),ROMSFUN.com,https://romsfun.com/roms/game-boy/castle-quest.html
Casino FunPak,Game Boy (GB),other,EU,Interplay,431,130,None,5/5 (1 vote),ROMSFUN.com,https://romsfun.com/roms/game-boy/casino-funpak.html
Puyo Puyo,Game Boy (GB),puzzle,JP,Compile,508,130,"October 25, 1991",5/5 (1 vote),ROMSFUN.com,https://romsfun.com/roms/game-boy/puyo-puyo.html
Stargate,Game Boy (GB),"action,platformer",WW,Acclaim,531,129,December 1994,3/5 (1 vote),ROMSFUN.com,https://romsfun.com/roms/game-boy/stargate.html
Cutthroat Island,Game Boy (GB),platformer,EU,Acclaim Entertainment,433,128,1995,5/5 (1 vote),ROMSFUN.com,https://romsfun.com/roms/game-boy/cutthroat-island.html
Dexterity,Game Boy (GB),puzzle,EU,SNK,442,128,"June 15, 1990",5/5 (1 vote),ROMSFUN.com,https://romsfun.com/roms/game-boy/dexterity.html
Pop’n Twinbee,Game Boy (GB),other,EU,Konami,506,128,None,5/5 (1 vote),ROMSFUN.com,https://romsfun.com/roms/game-boy/popn-twinbee.html
Hyper Lode Runner,Game Boy (GB),"platformer,puzzle",WW,Bandai,443,127,"September 21, 1989",5/5 (1 vote),ROMSFUN.com,https://romsfun.com/roms/game-boy/hyper-lode-runner.html
True Lies,Game Boy (GB),action,WW,LJN Ltd.,431,125,February 1995,5/5 (1 vote),ROMSFUN.com,https://romsfun.com/roms/game-boy/true-lies.html
Alien Olympics 2044 AD,Game Boy (GB),sport,EU,Ocean,652,123,September 1994,5/5 (1 vote),ROMSFUN.com,https://romsfun.com/roms/game-boy/alien-olympics-2044-ad.html
NHL Hockey 95,Game Boy (GB),sport,EU,Malibu Games,498,121,1995,5/5 (1 vote),ROMSFUN.com,https://romsfun.com/roms/game-boy/nhl-hockey-95.html
The Adventures of Rocky and Bullwinkle and Friends,Game Boy (GB),platformer,US,Absolute Entertainment,468,120,1992,5/5 (1 vote),ROMSFUN.com,https://romsfun.com/roms/game-boy/the-adventures-of-rocky-and-bullwinkle-and-friends.html
Battle Bull,Game Boy (GB),other,EU,SETA,492,118,None,5/5 (1 vote),ROMSFUN.com,https://romsfun.com/roms/game-boy/battle-bull.html
SeaQuest DSV,Game Boy (GB),strategy,EU,Malibu,471,118,1994,5/5 (1 vote),ROMSFUN.com,https://romsfun.com/roms/game-boy/seaquest-dsv.html
Wayne’s World,Game Boy (GB),"action,platformer",US,THQ,444,118,November 1993,5/5 (1 vote),ROMSFUN.com,https://romsfun.com/roms/game-boy/waynes-world.html
The Sword of Hope II,Game Boy (GB),role-playing,US,Kemco,519,117,None,5/5 (1 vote),ROMSFUN.com,https://romsfun.com/roms/game-boy/the-sword-of-hope-ii.html
Vegas Stakes,Game Boy (GB),other,EU,Nintendo,505,117,December 1995,5/5 (1 vote),ROMSFUN.com,https://romsfun.com/roms/game-boy/vegas-stakes.html
Waterworld,Game Boy (GB),other,WW,Ocean,448,111,1995,5/5 (1 vote),ROMSFUN.com,https://romsfun.com/roms/game-boy/waterworld.html
Torpedo Range,Game Boy (GB),other,JP,SETA Corporation,453,111,1991,5/5 (1 vote),ROMSFUN.com,https://romsfun.com/roms/game-boy/torpedo-range.html
Kingdom Crusade,Game Boy (GB),other,EU,Electro Brain,477,110,None,5/5 (1 vote),ROMSFUN.com,https://romsfun.com/roms/game-boy/kingdom-crusade.html
Catrap,Game Boy (GB),puzzle,US,Asmik,454,107,"June 1, 1990",5/5 (1 vote),ROMSFUN.com,https://romsfun.com/roms/game-boy/catrap.html
Lock ‘N Chase,Game Boy (GB),arcade,WW,G-mode,490,106,None,5/5 (1 vote),ROMSFUN.com,https://romsfun.com/roms/game-boy/lock-n-chase.html
Lazlo’s Leap,Game Boy (GB),other,EU,DTMC,475,105,None,5/5 (1 vote),ROMSFUN.com,https://romsfun.com/roms/game-boy/lazlos-leap.html
All-Star Baseball ’99,Game Boy (GB),sport,WW,Acclaim Entertainment,493,105,"May 1, 1998",2/5 (1 vote),ROMSFUN.com,https://romsfun.com/roms/game-boy/all-star-baseball-99.html
Faceball 2000,Game Boy (GB),other,US,Bullet-Proof,421,104,None,5/5 (1 vote),ROMSFUN.com,https://romsfun.com/roms/game-boy/faceball-2000.html
Maru’s Mission,Game Boy (GB),platformer,EU,Hamster,419,104,None,4/5 (1 vote),ROMSFUN.com,https://romsfun.com/roms/game-boy/marus-mission.html
 Lawnmower Man,Game Boy (GB),action,WW,THQ,484,103,Unknown,5/5 (1 vote),ROMSFUN.com,https://romsfun.com/roms/game-boy/lawnmower-man.html
Crystal Quest,Game Boy (GB),other,US,Casady &amp; Greene,520,103,1987 ,5/5 (1 vote),ROMSFUN.com,https://romsfun.com/roms/game-boy/crystal-quest.html
Boomer’s Adventure In Asmik World,Game Boy (GB),action,US,Asmik Corporation of America,469,102,April 1990,5/5 (1 vote),ROMSFUN.com,https://romsfun.com/roms/game-boy/boomers-adventure-in-asmik-world.html
Lucle,Game Boy (GB),other,EU,Nintendo,511,101,None,5/5 (1 vote),ROMSFUN.com,https://romsfun.com/roms/game-boy/lucle.html
Hatris,Game Boy (GB),other,,Bullet-Proof Software,464,93,None,5/5 (1 vote),ROMSFUN.com,https://romsfun.com/roms/game-boy/hatris.html
