name,console,region,rating,size,link,site
Saint Seiya - Ougon Densetsu Hen Perfect Edition,WonderSwan,Japan Japanese,4.63 (8 votes),6.05 kB,https://www.romsgames.net/wonderswan-rom-saint-seiya---ougon-densetsu-hen-perfect-edition/,https://www.romsgames.net/
Dragon Ball Z,WonderSwan,Japan Japanese,3.00 (6 votes),6.15 kB,https://www.romsgames.net/wonderswan-rom-dragon-ball-z/,https://www.romsgames.net/
Digimon Digital Monsters - Anode &amp; Cathode Tamer - Veedramon Version (Asia) [M].ws,WonderSwan,US English,3.50 (6 votes),6.21 kB,https://www.romsgames.net/wonderswan-rom-digimon-digital-monsters---anode-cathode-tamer---veedramon-version-asia-mws/,https://www.romsgames.net/
Digimon Tamers - Digimon Medley (j) [f1],WonderSwan,US English,4.00 (7 votes),5.14 kB,https://www.romsgames.net/wonderswan-rom-digimon-tamers---digimon-medley-j-f1/,https://www.romsgames.net/
Hunter X Hunter - Greed Island,WonderSwan,Japan Japanese,4.67 (6 votes),8.83 kB,https://www.romsgames.net/wonderswan-rom-hunter-x-hunter---greed-island/,https://www.romsgames.net/
One Piece - Grand Battle Swan Colloseum,WonderSwan,Japan Japanese,2.33 (3 votes),9.68 kB,https://www.romsgames.net/wonderswan-rom-one-piece---grand-battle-swan-colloseum/,https://www.romsgames.net/
Pocket Fighter [M].ws,WonderSwan,Japan Japanese,3.00 (2 votes),7.49 kB,https://www.romsgames.net/wonderswan-rom-pocket-fighter-mws/,https://www.romsgames.net/
Digimon Tamers - Brave Tamer (j),WonderSwan,US English,4.80 (5 votes),9 kB,https://www.romsgames.net/wonderswan-rom-digimon-tamers---brave-tamer-j/,https://www.romsgames.net/
From TV Animation - One Piece - Niji No Shima Densetsu,WonderSwan,Japan Japanese,4.67 (3 votes),5.96 kB,https://www.romsgames.net/wonderswan-rom-from-tv-animation---one-piece---niji-no-shima-densetsu/,https://www.romsgames.net/
Kaze No Klonoa - Moonlight Museum [M][t1].ws,WonderSwan,US English,5.00 (1 votes),1.05 MB,https://www.romsgames.net/wonderswan-rom-kaze-no-klonoa---moonlight-museum-mt1ws/,https://www.romsgames.net/
Final Fantasy [T-Eng0.91_Kalas],WonderSwan,Japan Japanese,5.00 (1 votes),5.55 kB,https://www.romsgames.net/wonderswan-rom-final-fantasy-t-eng091-kalas/,https://www.romsgames.net/
Neon Genesis Evangelion Shito Ikusei (j) [m].ws,WonderSwan,US English,4.00 (4 votes),2.10 MB,https://www.romsgames.net/wonderswan-rom-neon-genesis-evangelion-shito-ikusei-j-mws/,https://www.romsgames.net/
Digital Monsters - D Project (Chakky),WonderSwan,US English,5.00 (2 votes),4.19 MB,https://www.romsgames.net/wonderswan-rom-digital-monsters---d-project-chakky/,https://www.romsgames.net/
Ultraman - Hikari No Kuni No Shisha,WonderSwan,US English,5.00 (2 votes),2.10 MB,https://www.romsgames.net/wonderswan-rom-ultraman---hikari-no-kuni-no-shisha/,https://www.romsgames.net/
Hunter X Hunter - Sorezore No Ketsui (j),WonderSwan,US English,5.00 (1 votes),7.59 kB,https://www.romsgames.net/wonderswan-rom-hunter-x-hunter---sorezore-no-ketsui-j/,https://www.romsgames.net/
SD Gundam - Operation U.C.,WonderSwan,Japan Japanese,5.00 (1 votes),8.17 kB,https://www.romsgames.net/wonderswan-rom-sd-gundam---operation-uc/,https://www.romsgames.net/
Digimon Adventure 02 - Tag Tamers [M].ws,WonderSwan,Japan Japanese,5.00 (2 votes),5.85 kB,https://www.romsgames.net/wonderswan-rom-digimon-adventure-02---tag-tamers-mws/,https://www.romsgames.net/
Romancing Saga,WonderSwan,US English,4.50 (2 votes),4.19 MB,https://www.romsgames.net/wonderswan-rom-romancing-saga/,https://www.romsgames.net/
Guilty Gear Petit 2,WonderSwan,US English,5.00 (1 votes),4.19 MB,https://www.romsgames.net/wonderswan-rom-guilty-gear-petit-2/,https://www.romsgames.net/
Digimon Digital Monsters (Asia) [M].ws,WonderSwan,US English,5.00 (3 votes),5.87 kB,https://www.romsgames.net/wonderswan-rom-digimon-digital-monsters-asia-mws/,https://www.romsgames.net/
Golden Axe (j),WonderSwan,US English,4.00 (1 votes),6.91 kB,https://www.romsgames.net/wonderswan-rom-golden-axe-j/,https://www.romsgames.net/
Rockman &amp; Forte - Mirai Kara No Chousen Sha (j) [m].ws,WonderSwan,US English,2.00 (1 votes),8.59 kB,https://www.romsgames.net/wonderswan-rom-rockman-forte---mirai-kara-no-chousen-sha-j-mws/,https://www.romsgames.net/
Clock Tower [M][o1].ws,WonderSwan,US English,1.00 (1 votes),4.19 MB,https://www.romsgames.net/wonderswan-rom-clock-tower-mo1ws/,https://www.romsgames.net/
Digimon Adventure - Anode Tamer [M].ws,WonderSwan,Japan Japanese,5.00 (1 votes),6.01 kB,https://www.romsgames.net/wonderswan-rom-digimon-adventure---anode-tamer-mws/,https://www.romsgames.net/
Final Fantasy II [T+Eng010],WonderSwan,US English,5.00 (1 votes),4.19 MB,https://www.romsgames.net/wonderswan-rom-final-fantasy-ii-teng010/,https://www.romsgames.net/
Hunter X Hunter - Ichi O Tsugu Mono [M][f1].ws,WonderSwan,Japan Japanese,3.00 (1 votes),5.12 kB,https://www.romsgames.net/wonderswan-rom-hunter-x-hunter---ichi-o-tsugu-mono-mf1ws/,https://www.romsgames.net/
Card Captor Sakura - Sakura To Fushigi Na Clow Card (j)[m].ws,WonderSwan,US English,5.00 (0 votes),2.10 MB,https://www.romsgames.net/wonderswan-rom-card-captor-sakura---sakura-to-fushigi-na-clow-card-jmws/,https://www.romsgames.net/
Front Mission,WonderSwan,US English,5.00 (1 votes),8.39 MB,https://www.romsgames.net/wonderswan-rom-front-mission/,https://www.romsgames.net/
Digimon Tamers - Battle Spirit [M].ws,WonderSwan,US English,5.00 (1 votes),4.19 MB,https://www.romsgames.net/wonderswan-rom-digimon-tamers---battle-spirit-mws/,https://www.romsgames.net/
Naruto,WonderSwan,Japan Japanese,4.25 (4 votes),5.92 kB,https://www.romsgames.net/wonderswan-rom-naruto/,https://www.romsgames.net/
Medarot - Perfect Edition Kuwagata Version [M].ws,WonderSwan,US English,2.00 (1 votes),1.05 MB,https://www.romsgames.net/wonderswan-rom-medarot---perfect-edition-kuwagata-version-mws/,https://www.romsgames.net/
Makaimura [M][t1].ws,WonderSwan,US English,5.00 (1 votes),2.10 MB,https://www.romsgames.net/wonderswan-rom-makaimura-mt1ws/,https://www.romsgames.net/
Arc The Lad - Kijin Fukkatsu (Chakky),WonderSwan,Japan Japanese,5.00 (1 votes),6.52 kB,https://www.romsgames.net/wonderswan-rom-arc-the-lad---kijin-fukkatsu-chakky/,https://www.romsgames.net/
Chocobo No Fushigi Na Dungeon [M].ws,WonderSwan,US English,5.00 (1 votes),2.10 MB,https://www.romsgames.net/wonderswan-rom-chocobo-no-fushigi-na-dungeon-mws/,https://www.romsgames.net/
Chou Aniki - Otoko No Tamafuda [M].ws,WonderSwan,Japan Japanese,5.00 (1 votes),5.57 kB,https://www.romsgames.net/wonderswan-rom-chou-aniki---otoko-no-tamafuda-mws/,https://www.romsgames.net/
SD Gundam G Generation - Mono-Eye Gundams,WonderSwan,Japan Japanese,5.00 (1 votes),8.65 kB,https://www.romsgames.net/wonderswan-rom-sd-gundam-g-generation---mono-eye-gundams/,https://www.romsgames.net/
SD Gundam Gashapon Senki - Episode 1 [M].ws,WonderSwan,Japan Japanese,5.00 (1 votes),7.69 kB,https://www.romsgames.net/wonderswan-rom-sd-gundam-gashapon-senki---episode-1-mws/,https://www.romsgames.net/
Super Robot Taisen Compact 2 - Dai Ichibu - Chijou Gekidou Hen [M].ws,WonderSwan,US English,3.67 (3 votes),4.19 MB,https://www.romsgames.net/wonderswan-rom-super-robot-taisen-compact-2---dai-ichibu---chijou-gekidou-hen-mws/,https://www.romsgames.net/
Tekken Card Challenge [M].ws,WonderSwan,Japan Japanese,5.00 (2 votes),7.83 kB,https://www.romsgames.net/wonderswan-rom-tekken-card-challenge-mws/,https://www.romsgames.net/
Alchemist Marie &amp; Elie - Futari No Atelier,WonderSwan,US English,5.00 (1 votes),4.19 MB,https://www.romsgames.net/wonderswan-rom-alchemist-marie-elie---futari-no-atelier/,https://www.romsgames.net/
Digimon Digital Monsters For Wonderswancolor (j),WonderSwan,US English,5.00 (1 votes),7.83 kB,https://www.romsgames.net/wonderswan-rom-digimon-digital-monsters-for-wonderswancolor-j/,https://www.romsgames.net/
Rockman N1 Battle,WonderSwan,US English,5.00 (0 votes),4.19 MB,https://www.romsgames.net/wonderswan-rom-rockman-n1-battle/,https://www.romsgames.net/
Vaitz Blade [M].ws,WonderSwan,Japan Japanese,5.00 (1 votes),8.93 kB,https://www.romsgames.net/wonderswan-rom-vaitz-blade-mws/,https://www.romsgames.net/
Space Invaders (j) [m].ws,WonderSwan,US English,5.00 (1 votes),1.05 MB,https://www.romsgames.net/wonderswan-rom-space-invaders-j-mws/,https://www.romsgames.net/
Final Fantasy Ii (j) [t-eng097_rpgone],WonderSwan,US English,5.00 (1 votes),9.42 kB,https://www.romsgames.net/wonderswan-rom-final-fantasy-ii-j-t-eng097-rpgone/,https://www.romsgames.net/
Rainbow Islands - Putty's Party  [M].ws,WonderSwan,US English,5.00 (1 votes),2.10 MB,https://www.romsgames.net/wonderswan-rom-rainbow-islands---puttys-party-mws/,https://www.romsgames.net/
Inu Yasha Fuu'un Emaki,WonderSwan,US English,5.00 (1 votes),4.19 MB,https://www.romsgames.net/wonderswan-rom-inu-yasha-fuuun-emaki/,https://www.romsgames.net/
Kidou Senshi Gundam Seed,WonderSwan,US English,5.00 (1 votes),4.19 MB,https://www.romsgames.net/wonderswan-rom-kidou-senshi-gundam-seed/,https://www.romsgames.net/
Hunter X Hunter - Michibi Kareshi Mono,WonderSwan,US English,5.00 (1 votes),4.19 MB,https://www.romsgames.net/wonderswan-rom-hunter-x-hunter---michibi-kareshi-mono/,https://www.romsgames.net/
Shaman King Mirai E No Ishi,WonderSwan,US English,2.00 (1 votes),4.19 MB,https://www.romsgames.net/wonderswan-rom-shaman-king-mirai-e-no-ishi/,https://www.romsgames.net/
Shin Nihon Pro Wrestling Toukon Retsuden [M].ws,WonderSwan,Japan Japanese,5.00 (1 votes),8.72 kB,https://www.romsgames.net/wonderswan-rom-shin-nihon-pro-wrestling-toukon-retsuden-mws/,https://www.romsgames.net/
Beat Mania [M].ws,WonderSwan,US English,5.00 (1 votes),16.7 MB,https://www.romsgames.net/wonderswan-rom-beat-mania-mws/,https://www.romsgames.net/
Mr. Driller (j),WonderSwan,US English,5.00 (1 votes),2.10 MB,https://www.romsgames.net/wonderswan-rom-mr-driller-j/,https://www.romsgames.net/
GunPey [M][f1].ws,WonderSwan,US English,5.00 (1 votes),1.05 MB,https://www.romsgames.net/wonderswan-rom-gunpey-mf1ws/,https://www.romsgames.net/
Puyo Puyo Tsu (j) [m].ws,WonderSwan,US English,5.00 (1 votes),1.05 MB,https://www.romsgames.net/wonderswan-rom-puyo-puyo-tsu-j-mws/,https://www.romsgames.net/
From TV Animation - One Piece - Mezase Kaizoku Ou [M][f1].ws,WonderSwan,US English,5.00 (1 votes),1.05 MB,https://www.romsgames.net/wonderswan-rom-from-tv-animation---one-piece---mezase-kaizoku-ou-mf1ws/,https://www.romsgames.net/
Blue Wing Blitz [M].ws,WonderSwan,Japan Japanese,5.00 (1 votes),6.05 kB,https://www.romsgames.net/wonderswan-rom-blue-wing-blitz-mws/,https://www.romsgames.net/
Langrisser Millenium Ws - The Last Century (j) [m].ws,WonderSwan,US English,5.00 (1 votes),1.05 MB,https://www.romsgames.net/wonderswan-rom-langrisser-millenium-ws---the-last-century-j-mws/,https://www.romsgames.net/
Super Robot Taisen Compact 2 - Dai Nibu - Uchuu Gekishin Hen (j) [m].ws,WonderSwan,US English,5.00 (1 votes),4.19 MB,https://www.romsgames.net/wonderswan-rom-super-robot-taisen-compact-2---dai-nibu---uchuu-gekishin-hen-j-mws/,https://www.romsgames.net/
Buffers Evolution [M][f1].ws,WonderSwan,US English,5.00 (1 votes),4.19 MB,https://www.romsgames.net/wonderswan-rom-buffers-evolution-mf1ws/,https://www.romsgames.net/
Choujikuu Yousai Macross - True Love Song [M].ws,WonderSwan,US English,5.00 (1 votes),4.19 MB,https://www.romsgames.net/wonderswan-rom-choujikuu-yousai-macross---true-love-song-mws/,https://www.romsgames.net/
Lode Runner [M][o1].ws,WonderSwan,US English,5.00 (1 votes),1.05 MB,https://www.romsgames.net/wonderswan-rom-lode-runner-mo1ws/,https://www.romsgames.net/
Hataraku Chocobo (j),WonderSwan,US English,5.00 (1 votes),1.05 MB,https://www.romsgames.net/wonderswan-rom-hataraku-chocobo-j/,https://www.romsgames.net/
Final Lap Special,WonderSwan,US English,1.00 (1 votes),4.19 MB,https://www.romsgames.net/wonderswan-rom-final-lap-special/,https://www.romsgames.net/
GunPey Ex [f1],WonderSwan,US English,5.00 (1 votes),1.05 MB,https://www.romsgames.net/wonderswan-rom-gunpey-ex-f1/,https://www.romsgames.net/
Fire Pro Wrestling [M].ws,WonderSwan,US English,5.00 (1 votes),4.19 MB,https://www.romsgames.net/wonderswan-rom-fire-pro-wrestling-mws/,https://www.romsgames.net/
Itou Jun Ni Uzumaki Noroi Simulation [M].ws,WonderSwan,US English,5.00 (1 votes),2.10 MB,https://www.romsgames.net/wonderswan-rom-itou-jun-ni-uzumaki-noroi-simulation-mws/,https://www.romsgames.net/
Super Robot Taisen Compact 2 - Dai Sanbu - Ginga Kessen Hen [M].ws,WonderSwan,US English,5.00 (1 votes),4.19 MB,https://www.romsgames.net/wonderswan-rom-super-robot-taisen-compact-2---dai-sanbu---ginga-kessen-hen-mws/,https://www.romsgames.net/
Uzumaki - Denshi Kaiki Hen [M][f1].ws,WonderSwan,US English,5.00 (1 votes),2.10 MB,https://www.romsgames.net/wonderswan-rom-uzumaki---denshi-kaiki-hen-mf1ws/,https://www.romsgames.net/
Kinnikuman Nisei Choujin Seisenshi,WonderSwan,US English,5.00 (1 votes),4.19 MB,https://www.romsgames.net/wonderswan-rom-kinnikuman-nisei-choujin-seisenshi/,https://www.romsgames.net/
Bakusou Dekatora Densetsu [M].ws,WonderSwan,US English,5.00 (1 votes),2.10 MB,https://www.romsgames.net/wonderswan-rom-bakusou-dekatora-densetsu-mws/,https://www.romsgames.net/
Meitantei Conan - Nishi No Meitantei Saidai No Kiki! [M].ws,WonderSwan,US English,5.00 (0 votes),2.10 MB,https://www.romsgames.net/wonderswan-rom-meitantei-conan---nishi-no-meitantei-saidai-no-kiki-mws/,https://www.romsgames.net/
Puzzle Bobble [M][f1].ws,WonderSwan,Japan Japanese,5.00 (1 votes),6.13 kB,https://www.romsgames.net/wonderswan-rom-puzzle-bobble-mf1ws/,https://www.romsgames.net/
Mobile Suit Gundam - Volume 2 - JABURO,WonderSwan,US English,5.00 (1 votes),8.39 MB,https://www.romsgames.net/wonderswan-rom-mobile-suit-gundam---volume-2---jaburo/,https://www.romsgames.net/
Dark Eyes - Battle Gate,WonderSwan,US English,5.00 (1 votes),4.19 MB,https://www.romsgames.net/wonderswan-rom-dark-eyes---battle-gate/,https://www.romsgames.net/
Magical Drop [M].ws,WonderSwan,US English,5.00 (1 votes),1.05 MB,https://www.romsgames.net/wonderswan-rom-magical-drop-mws/,https://www.romsgames.net/
Makai Toushi Sa-ga (j),WonderSwan,US English,5.00 (1 votes),4.19 MB,https://www.romsgames.net/wonderswan-rom-makai-toushi-sa-ga-j/,https://www.romsgames.net/
Wonder Classic [M].ws,WonderSwan,US English,5.00 (1 votes),4.19 MB,https://www.romsgames.net/wonderswan-rom-wonder-classic-mws/,https://www.romsgames.net/
Yakusoku No Chi Riviera,WonderSwan,US English,5.00 (1 votes),8.39 MB,https://www.romsgames.net/wonderswan-rom-yakusoku-no-chi-riviera/,https://www.romsgames.net/
Bokan Densetsu Buta Mo O Daterya Doronbou (Time Bokan Series) [M].ws,WonderSwan,US English,5.00 (1 votes),1.05 MB,https://www.romsgames.net/wonderswan-rom-bokan-densetsu-buta-mo-o-daterya-doronbou-time-bokan-series-mws/,https://www.romsgames.net/
Meitantei Conan - Majutsushi No Chousenjou! [M].ws,WonderSwan,US English,5.00 (1 votes),1.05 MB,https://www.romsgames.net/wonderswan-rom-meitantei-conan---majutsushi-no-chousenjou-mws/,https://www.romsgames.net/
Mobile Suit Gundam Msvs (j) [m].ws,WonderSwan,US English,5.00 (1 votes),2.10 MB,https://www.romsgames.net/wonderswan-rom-mobile-suit-gundam-msvs-j-mws/,https://www.romsgames.net/
Final Lap 2000 [M][f1].ws,WonderSwan,US English,5.00 (1 votes),1.05 MB,https://www.romsgames.net/wonderswan-rom-final-lap-2000-mf1ws/,https://www.romsgames.net/
Meitantei Conan - Yugure No Koujo,WonderSwan,US English,5.00 (1 votes),4.19 MB,https://www.romsgames.net/wonderswan-rom-meitantei-conan---yugure-no-koujo/,https://www.romsgames.net/
Ring Infinity [M][f1].ws,WonderSwan,US English,5.00 (1 votes),4.19 MB,https://www.romsgames.net/wonderswan-rom-ring-infinity-mf1ws/,https://www.romsgames.net/
Digital Partner [M].ws,WonderSwan,US English,5.00 (1 votes),2.10 MB,https://www.romsgames.net/wonderswan-rom-digital-partner-mws/,https://www.romsgames.net/
Kidou Senshi Gundam Vol.1 -side 7- (j),WonderSwan,US English,5.00 (1 votes),4.19 MB,https://www.romsgames.net/wonderswan-rom-kidou-senshi-gundam-vol1--side-7--j/,https://www.romsgames.net/
SD Gundam G Generation - Gather Beat [M].ws,WonderSwan,US English,5.00 (1 votes),4.19 MB,https://www.romsgames.net/wonderswan-rom-sd-gundam-g-generation---gather-beat-mws/,https://www.romsgames.net/
Wild Card,WonderSwan,US English,5.00 (1 votes),2.10 MB,https://www.romsgames.net/wonderswan-rom-wild-card/,https://www.romsgames.net/
Digimon Adventure - Cathode Tamer [M].ws,WonderSwan,Japan Japanese,5.00 (1 votes),9.04 kB,https://www.romsgames.net/wonderswan-rom-digimon-adventure---cathode-tamer-mws/,https://www.romsgames.net/
Final Fantasy (j),WonderSwan,US English,5.00 (1 votes),6.98 kB,https://www.romsgames.net/wonderswan-rom-final-fantasy-j/,https://www.romsgames.net/
Densha De Go! 2 [M].ws,WonderSwan,US English,5.00 (1 votes),4.19 MB,https://www.romsgames.net/wonderswan-rom-densha-de-go-2-mws/,https://www.romsgames.net/
Wizardry - Scenario 1 - Kyounou No Shiren Jou [M].ws,WonderSwan,US English,5.00 (1 votes),2.10 MB,https://www.romsgames.net/wonderswan-rom-wizardry---scenario-1---kyounou-no-shiren-jou-mws/,https://www.romsgames.net/
Armored Unit [M][f1].ws,WonderSwan,US English,5.00 (1 votes),1.05 MB,https://www.romsgames.net/wonderswan-rom-armored-unit-mf1ws/,https://www.romsgames.net/
Side Pocket [M].ws,WonderSwan,US English,5.00 (1 votes),1.05 MB,https://www.romsgames.net/wonderswan-rom-side-pocket-mws/,https://www.romsgames.net/
Final Fantasy Ii (j) [t-eng095_rpgone],WonderSwan,US English,5.00 (1 votes),4.19 MB,https://www.romsgames.net/wonderswan-rom-final-fantasy-ii-j-t-eng095-rpgone/,https://www.romsgames.net/
From TV Animation - One Piece - Mezase Kaizoku Ou [M].ws,WonderSwan,US English,5.00 (1 votes),1.05 MB,https://www.romsgames.net/wonderswan-rom-from-tv-animation---one-piece---mezase-kaizoku-ou-mws/,https://www.romsgames.net/
Terrors 2 (j),WonderSwan,US English,5.00 (1 votes),4.19 MB,https://www.romsgames.net/wonderswan-rom-terrors-2-j/,https://www.romsgames.net/
SD Gundam Eiyuuden - Eiyuuden Kishi Densetsu [M].ws,WonderSwan,US English,5.00 (1 votes),4.19 MB,https://www.romsgames.net/wonderswan-rom-sd-gundam-eiyuuden---eiyuuden-kishi-densetsu-mws/,https://www.romsgames.net/
Slither Link [M][f1].ws,WonderSwan,Japan Japanese,5.00 (1 votes),6.94 kB,https://www.romsgames.net/wonderswan-rom-slither-link-mf1ws/,https://www.romsgames.net/
SD Gundam Eiyuuden - Eiyuuden Musha Densetsu [M].ws,WonderSwan,US English,5.00 (1 votes),4.19 MB,https://www.romsgames.net/wonderswan-rom-sd-gundam-eiyuuden---eiyuuden-musha-densetsu-mws/,https://www.romsgames.net/
D's Garage 21 Koubo Game - Tane Wo Maku Tori  [M][f1].ws,WonderSwan,US English,5.00 (1 votes),1.05 MB,https://www.romsgames.net/wonderswan-rom-ds-garage-21-koubo-game---tane-wo-maku-tori-mf1ws/,https://www.romsgames.net/
Ganso Jajamaru Kun [M].ws,WonderSwan,US English,5.00 (1 votes),524 kB,https://www.romsgames.net/wonderswan-rom-ganso-jajamaru-kun-mws/,https://www.romsgames.net/
SD Gundam - Emotional Jam [M].ws,WonderSwan,US English,5.00 (1 votes),2.10 MB,https://www.romsgames.net/wonderswan-rom-sd-gundam---emotional-jam-mws/,https://www.romsgames.net/
Last Alive,WonderSwan,US English,5.00 (1 votes),7.96 kB,https://www.romsgames.net/wonderswan-rom-last-alive/,https://www.romsgames.net/
Pocket No Naka No Doraemon,WonderSwan,US English,5.00 (1 votes),4.19 MB,https://www.romsgames.net/wonderswan-rom-pocket-no-naka-no-doraemon/,https://www.romsgames.net/
Engacho! [M][f1].ws,WonderSwan,US English,5.00 (1 votes),1.05 MB,https://www.romsgames.net/wonderswan-rom-engacho-mf1ws/,https://www.romsgames.net/
Hanjyuku Hero - Aah Sekai Yo Hanjuku Nare,WonderSwan,US English,5.00 (1 votes),4.19 MB,https://www.romsgames.net/wonderswan-rom-hanjyuku-hero---aah-sekai-yo-hanjuku-nare/,https://www.romsgames.net/
Wonder Stadium '99  [M].ws,WonderSwan,US English,5.00 (1 votes),1.05 MB,https://www.romsgames.net/wonderswan-rom-wonder-stadium-99-mws/,https://www.romsgames.net/
Kinniku Man Second Generations Dream Tag Match (j),WonderSwan,US English,5.00 (1 votes),2.10 MB,https://www.romsgames.net/wonderswan-rom-kinniku-man-second-generations-dream-tag-match-j/,https://www.romsgames.net/
LastStand [M].ws,WonderSwan,US English,5.00 (1 votes),2.10 MB,https://www.romsgames.net/wonderswan-rom-laststand-mws/,https://www.romsgames.net/
Hanafuda Shiyou Yo [M].ws,WonderSwan,Japan Japanese,5.00 (1 votes),5.64 kB,https://www.romsgames.net/wonderswan-rom-hanafuda-shiyou-yo-mws/,https://www.romsgames.net/
Robot Works (j) [m].ws,WonderSwan,US English,5.00 (1 votes),8.04 kB,https://www.romsgames.net/wonderswan-rom-robot-works-j-mws/,https://www.romsgames.net/
Fishing Freaks - Bass Rise [M].ws,WonderSwan,US English,5.00 (1 votes),1.05 MB,https://www.romsgames.net/wonderswan-rom-fishing-freaks---bass-rise-mws/,https://www.romsgames.net/
Kiss Yori... - Seaside Serenade [M].ws,WonderSwan,US English,5.00 (1 votes),2.10 MB,https://www.romsgames.net/wonderswan-rom-kiss-yori---seaside-serenade-mws/,https://www.romsgames.net/
Tetsujin 28 Gou [M][f1].ws,WonderSwan,US English,5.00 (1 votes),4.19 MB,https://www.romsgames.net/wonderswan-rom-tetsujin-28-gou-mf1ws/,https://www.romsgames.net/
Tokyo Majin Gakuen Fuju Fuuroku [M].ws,WonderSwan,US English,5.00 (1 votes),8.39 MB,https://www.romsgames.net/wonderswan-rom-tokyo-majin-gakuen-fuju-fuuroku-mws/,https://www.romsgames.net/
Anchor Field Z [M][f1].ws,WonderSwan,US English,5.00 (1 votes),1.05 MB,https://www.romsgames.net/wonderswan-rom-anchor-field-z-mf1ws/,https://www.romsgames.net/
Uchuu Senkan Yamato,WonderSwan,US English,5.00 (1 votes),4.19 MB,https://www.romsgames.net/wonderswan-rom-uchuu-senkan-yamato/,https://www.romsgames.net/
X - Card Of Fate,WonderSwan,US English,5.00 (1 votes),4.19 MB,https://www.romsgames.net/wonderswan-rom-x---card-of-fate/,https://www.romsgames.net/
Nobunaga No Yabo [M].ws,WonderSwan,Japan Japanese,5.00 (1 votes),8.54 kB,https://www.romsgames.net/wonderswan-rom-nobunaga-no-yabo-mws/,https://www.romsgames.net/
Fever Sankyo - Koushiki Pachinko Simulation [M][f1].ws,WonderSwan,US English,5.00 (1 votes),2.10 MB,https://www.romsgames.net/wonderswan-rom-fever-sankyo---koushiki-pachinko-simulation-mf1ws/,https://www.romsgames.net/
Soccer Yarou! - Challenge The World [M][a1].ws,WonderSwan,US English,5.00 (1 votes),1.05 MB,https://www.romsgames.net/wonderswan-rom-soccer-yarou---challenge-the-world-ma1ws/,https://www.romsgames.net/
Wasabi Produce - Street Dancer [M].ws,WonderSwan,US English,5.00 (1 votes),4.19 MB,https://www.romsgames.net/wonderswan-rom-wasabi-produce---street-dancer-mws/,https://www.romsgames.net/
Kyoso Uma Ikusei Simulation Keiba [M].ws,WonderSwan,Japan Japanese,5.00 (1 votes),8.92 kB,https://www.romsgames.net/wonderswan-rom-kyoso-uma-ikusei-simulation-keiba-mws/,https://www.romsgames.net/
Kakuto Ryori Densetsu Bistro Recipe - Wonder Battle Hen [M].ws,WonderSwan,US English,5.00 (1 votes),1.05 MB,https://www.romsgames.net/wonderswan-rom-kakuto-ryori-densetsu-bistro-recipe---wonder-battle-hen-mws/,https://www.romsgames.net/
Nice On [M][f1].ws,WonderSwan,US English,5.00 (1 votes),1.05 MB,https://www.romsgames.net/wonderswan-rom-nice-on-mf1ws/,https://www.romsgames.net/
Wonderwitch Promo Demo Vx.x By Dox (PD) [a1],WonderSwan,US English,5.00 (1 votes),524 kB,https://www.romsgames.net/wonderswan-rom-wonderwitch-promo-demo-vxx-by-dox-pd-a1/,https://www.romsgames.net/
Sennou Millenium [M][f1].ws,WonderSwan,US English,5.00 (1 votes),9.06 kB,https://www.romsgames.net/wonderswan-rom-sennou-millenium-mf1ws/,https://www.romsgames.net/
Tetsuman [M].ws,WonderSwan,US English,5.00 (1 votes),1.05 MB,https://www.romsgames.net/wonderswan-rom-tetsuman-mws/,https://www.romsgames.net/
Nazo Ou Pocket [M][f1].ws,WonderSwan,US English,5.00 (1 votes),1.05 MB,https://www.romsgames.net/wonderswan-rom-nazo-ou-pocket-mf1ws/,https://www.romsgames.net/
Senkaiden - TV Animation Senkaiden Houshin Engi Yori [M].ws,WonderSwan,US English,5.00 (1 votes),2.10 MB,https://www.romsgames.net/wonderswan-rom-senkaiden---tv-animation-senkaiden-houshin-engi-yori-mws/,https://www.romsgames.net/
Dokodemo Hamster 3 - O Dekake Saffron,WonderSwan,US English,5.00 (1 votes),2.10 MB,https://www.romsgames.net/wonderswan-rom-dokodemo-hamster-3---o-dekake-saffron/,https://www.romsgames.net/
Memories Of Festa (j),WonderSwan,US English,5.00 (1 votes),2.10 MB,https://www.romsgames.net/wonderswan-rom-memories-of-festa-j/,https://www.romsgames.net/
Shin Nihon Pro Wrestling Toukon Retsuden [M][f1].ws,WonderSwan,US English,5.00 (1 votes),1.05 MB,https://www.romsgames.net/wonderswan-rom-shin-nihon-pro-wrestling-toukon-retsuden-mf1ws/,https://www.romsgames.net/
Star Hearts Taikenban,WonderSwan,US English,5.00 (1 votes),4.19 MB,https://www.romsgames.net/wonderswan-rom-star-hearts-taikenban/,https://www.romsgames.net/
Armored Unit [M][o1].ws,WonderSwan,US English,5.00 (1 votes),1.05 MB,https://www.romsgames.net/wonderswan-rom-armored-unit-mo1ws/,https://www.romsgames.net/
Chaos Gear - Michibi Kareshi Mono [M].ws,WonderSwan,US English,5.00 (1 votes),2.10 MB,https://www.romsgames.net/wonderswan-rom-chaos-gear---michibi-kareshi-mono-mws/,https://www.romsgames.net/
Glocal Hexcite [M][o1].ws,WonderSwan,US English,5.00 (1 votes),1.05 MB,https://www.romsgames.net/wonderswan-rom-glocal-hexcite-mo1ws/,https://www.romsgames.net/
Mikeneko Holme's Ghost Panic,WonderSwan,US English,5.00 (1 votes),4.19 MB,https://www.romsgames.net/wonderswan-rom-mikeneko-holmes-ghost-panic/,https://www.romsgames.net/
Sotsugyou [M].ws,WonderSwan,US English,5.00 (1 votes),2.10 MB,https://www.romsgames.net/wonderswan-rom-sotsugyou-mws/,https://www.romsgames.net/
Tare Pan No Gunpei (j) [m][f1].ws,WonderSwan,US English,5.00 (1 votes),1.05 MB,https://www.romsgames.net/wonderswan-rom-tare-pan-no-gunpei-j-mf1ws/,https://www.romsgames.net/
WonderSwan Handy Sonar [M].ws,WonderSwan,Japan Japanese,5.00 (1 votes),6.53 kB,https://www.romsgames.net/wonderswan-rom-wonderswan-handy-sonar-mws/,https://www.romsgames.net/
Gorakuoh TANGO! [M][f1].ws,WonderSwan,US English,5.00 (1 votes),1.05 MB,https://www.romsgames.net/wonderswan-rom-gorakuoh-tango-mf1ws/,https://www.romsgames.net/
Harobots [M].ws,WonderSwan,US English,5.00 (1 votes),2.10 MB,https://www.romsgames.net/wonderswan-rom-harobots-mws/,https://www.romsgames.net/
Mahjong Touryuumon [M].ws,WonderSwan,US English,5.00 (1 votes),1.05 MB,https://www.romsgames.net/wonderswan-rom-mahjong-touryuumon-mws/,https://www.romsgames.net/
Ouchan No Oekaki Logic [M][f1].ws,WonderSwan,US English,5.00 (1 votes),524 kB,https://www.romsgames.net/wonderswan-rom-ouchan-no-oekaki-logic-mf1ws/,https://www.romsgames.net/
Rekishi Simulation Sangokushi II [M].ws,WonderSwan,US English,5.00 (1 votes),524 kB,https://www.romsgames.net/wonderswan-rom-rekishi-simulation-sangokushi-ii-mws/,https://www.romsgames.net/
Turntablist - DJ Battle [M][f1].ws,WonderSwan,US English,5.00 (1 votes),4.19 MB,https://www.romsgames.net/wonderswan-rom-turntablist---dj-battle-mf1ws/,https://www.romsgames.net/
With You Mitsumete Itai,WonderSwan,US English,5.00 (1 votes),4.19 MB,https://www.romsgames.net/wonderswan-rom-with-you-mitsumete-itai/,https://www.romsgames.net/
Cho Denki Card Battle Yofu Makai Kikuchi Shugo [M].ws,WonderSwan,US English,5.00 (1 votes),2.10 MB,https://www.romsgames.net/wonderswan-rom-cho-denki-card-battle-yofu-makai-kikuchi-shugo-mws/,https://www.romsgames.net/
Shogi Touryuumon [M][o1].ws,WonderSwan,US English,5.00 (1 votes),1.05 MB,https://www.romsgames.net/wonderswan-rom-shogi-touryuumon-mo1ws/,https://www.romsgames.net/
Tare Pan No Gunpei [M][f2].ws,WonderSwan,US English,5.00 (1 votes),1.05 MB,https://www.romsgames.net/wonderswan-rom-tare-pan-no-gunpei-mf2ws/,https://www.romsgames.net/
Umizuri Ni Ikou [M].ws,WonderSwan,US English,5.00 (1 votes),524 kB,https://www.romsgames.net/wonderswan-rom-umizuri-ni-ikou-mws/,https://www.romsgames.net/
Wsx Seed [T-Chi_amuro],WonderSwan,US English,5.00 (1 votes),4.19 MB,https://www.romsgames.net/wonderswan-rom-wsx-seed-t-chi-amuro/,https://www.romsgames.net/
Xi (sai) Little (j),WonderSwan,US English,5.00 (1 votes),2.10 MB,https://www.romsgames.net/wonderswan-rom-xi-sai-little-j/,https://www.romsgames.net/
Gensou Maden Saiyuuki Retribution,WonderSwan,Japan Japanese,5.00 (1 votes),7.44 kB,https://www.romsgames.net/wonderswan-rom-gensou-maden-saiyuuki-retribution/,https://www.romsgames.net/
Tanjou - Debut [M].ws,WonderSwan,Japan Japanese,5.00 (1 votes),7.98 kB,https://www.romsgames.net/wonderswan-rom-tanjou---debut-mws/,https://www.romsgames.net/
Gomoku Narabe &amp; Reversi Touryuumon [M].ws,WonderSwan,US English,5.00 (1 votes),524 kB,https://www.romsgames.net/wonderswan-rom-gomoku-narabe-reversi-touryuumon-mws/,https://www.romsgames.net/
Keiba Yosou Shien Shinkaron [M].ws,WonderSwan,US English,5.00 (1 votes),1.05 MB,https://www.romsgames.net/wonderswan-rom-keiba-yosou-shien-shinkaron-mws/,https://www.romsgames.net/
Kurupara!,WonderSwan,US English,5.00 (1 votes),2.10 MB,https://www.romsgames.net/wonderswan-rom-kurupara/,https://www.romsgames.net/
Meta Communication Therapy Nee Kiite! [M].ws,WonderSwan,US English,5.00 (1 votes),2.10 MB,https://www.romsgames.net/wonderswan-rom-meta-communication-therapy-nee-kiite-mws/,https://www.romsgames.net/
Mingle Magnet [M].ws,WonderSwan,US English,5.00 (1 votes),524 kB,https://www.romsgames.net/wonderswan-rom-mingle-magnet-mws/,https://www.romsgames.net/
Moero !! Pro Yakyu Rookies [M].ws,WonderSwan,US English,5.00 (1 votes),1.05 MB,https://www.romsgames.net/wonderswan-rom-moero-pro-yakyu-rookies-mws/,https://www.romsgames.net/
Morita Shogi [M].ws,WonderSwan,US English,5.00 (1 votes),1.05 MB,https://www.romsgames.net/wonderswan-rom-morita-shogi-mws/,https://www.romsgames.net/
Nobunaga No Yabo [M][o1].ws,WonderSwan,US English,5.00 (1 votes),1.05 MB,https://www.romsgames.net/wonderswan-rom-nobunaga-no-yabo-mo1ws/,https://www.romsgames.net/
Pro Mahjong Kiwame [M].ws,WonderSwan,US English,5.00 (1 votes),1.05 MB,https://www.romsgames.net/wonderswan-rom-pro-mahjong-kiwame-mws/,https://www.romsgames.net/
Raku Jongg,WonderSwan,US English,5.00 (1 votes),1.05 MB,https://www.romsgames.net/wonderswan-rom-raku-jongg/,https://www.romsgames.net/
Rs-naru,WonderSwan,US English,5.00 (1 votes),4.19 MB,https://www.romsgames.net/wonderswan-rom-rs-naru/,https://www.romsgames.net/
Rs-sham [b1],WonderSwan,US English,5.00 (1 votes),4.19 MB,https://www.romsgames.net/wonderswan-rom-rs-sham-b1/,https://www.romsgames.net/
Slither Link [M][o1][f1].ws,WonderSwan,US English,5.00 (1 votes),1.05 MB,https://www.romsgames.net/wonderswan-rom-slither-link-mo1f1ws/,https://www.romsgames.net/
Slither Link [M][o1].ws,WonderSwan,US English,5.00 (1 votes),1.05 MB,https://www.romsgames.net/wonderswan-rom-slither-link-mo1ws/,https://www.romsgames.net/
Trump Collection Bottom Up Teki Trump Seikatsu [M][o1].ws,WonderSwan,US English,5.00 (1 votes),1.05 MB,https://www.romsgames.net/wonderswan-rom-trump-collection-bottom-up-teki-trump-seikatsu-mo1ws/,https://www.romsgames.net/
Hanafuda Shiyou Yo [M][o1].ws,WonderSwan,US English,5.00 (1 votes),1.05 MB,https://www.romsgames.net/wonderswan-rom-hanafuda-shiyou-yo-mo1ws/,https://www.romsgames.net/
Uzumaki - Denshi Kaiki Hen (j) [m].ws,WonderSwan,US English,5.00 (1 votes),2.10 MB,https://www.romsgames.net/wonderswan-rom-uzumaki---denshi-kaiki-hen-j-mws/,https://www.romsgames.net/
With You Mitsumete Itai (j) [f1],WonderSwan,US English,5.00 (1 votes),4.19 MB,https://www.romsgames.net/wonderswan-rom-with-you-mitsumete-itai-j-f1/,https://www.romsgames.net/
